"","siteID","abundance"
"1","BLAN",81.2142857142857
"2","CPER",210.357142857143
"3","DELA",46.3571428571429
"4","KONZ",90.4285714285714
"5","MOAB",137.847619047619
"6","NIWO",81.8014652014652
"7","NOGP",111.785714285714
"8","OAES",28.2857142857143
"9","ORNL",26.3095238095238
"10","OSBS",19.9285714285714
"11","SCBI",46.0714285714286
"12","SERC",75.5333333333333
"13","STEI",125.214285714286
"14","TREE",55.9375
"15","UKFS",46.0714285714286
"16","UNDE",76.6428571428571
"17","WOOD",80.8571428571429
