"","siteID","abundance"
"1","BLAN",63.7456736252293
"2","CPER",72.4522522522523
"3","DELA",50.1666666666667
"4","KONZ",546.960784313726
"5","MOAB",322.335240249321
"6","NIWO",43.25
"7","NOGP",100.243049088231
"8","OAES",576.481830712577
"9","ORNL",186.8
"10","OSBS",70.7967479674797
"11","SCBI",330.484822081047
"12","SERC",114.833333333333
"13","STEI",320.147403620714
"14","TREE",138.524368863117
"15","UKFS",322.766666666667
"16","UNDE",225.549339933993
"17","WOOD",677.42099280835
