Predictor Variable ,mean,min,max,sd
Annual Precipitation ,722.3572344,249.3,1429,296.1584171
Soil Moisture,374.9502638,250,438,36.4266036
Body Size,15.54370309,3.03,38.822,6.674398824
VPD,598.0081606,316.825,979.9833333,157.9411764
Mammal Abundance,274.1335975,43.25,677.4209928,235.9256199
